{
  "accounts": [
    {
      "accountBalanceInCents": 985000,
      "accountCurrency": "EUR",
      "accountId": 748757694,
      "accountName": "Hr P L G N StellingTD",
      "accountNumber": "748757694",
      "accountType": "PAYMENT",
      "alias": "",
      "isVisible": true,
      "iban": "NL23INGB0748757694"
    },
    {
      "accountBalanceInCents": 1000000,
      "accountCurrency": "EUR",
      "accountId": 700000027559,
      "accountName": ",",
      "accountNumber": "748757732",
      "accountType": "PAYMENT",
      "alias": "",
      "isVisible": false,
      "iban": "NL88INGB0748757732"
    },
    {
      "accountBalanceInCents": 15000,
      "accountCurrency": "EUR",
      "accountId": 700000027559,
      "accountName": "",
      "accountNumber": "H 177-27066",
      "accountType": "SAVING",
      "alias": "G\\UfffdLSAVINGSdiacrits",
      "isVisible": true,
      "iban": "",
      "linkedAccountId": 748757694,
      "productName": "Oranje Spaarrekening",
      "productType": 1000,
      "savingsTargetReached": 1,
      "targetAmountInCents": 2000
    },



    {
      "accountBalanceInCents": 9825000,
      "accountCurrency": "GBP",
      "accountId": 757694,
      "accountName": "N.Prueba Extra 1",
      "accountNumber": "74857694",
      "accountType": "PAYMENT",
      "alias": "",
      "isVisible": true,
      "iban": "NL23INGB07487A57694"
    },
    {
      "accountBalanceInCents": 1000000,
      "accountCurrency": "USD",
      "accountId": 700000027559,
      "accountName": "N.Prueba Extra 2",
      "accountNumber": "74857732",
      "accountType": "PAYMENT",
      "alias": "",
      "isVisible": false,
      "iban": "NL88GAB0748757732"
    },
    {
      "accountBalanceInCents": 1500,
      "accountCurrency": "JPY",
      "accountId": 7001000027559,
      "accountName": "N.Prueba Extra 3",
      "accountNumber": "Hs1a177-27066",
      "accountType": "SAVING",
      "alias": "GAVINGS 4 dits",
      "isVisible": true,
      "iban": "",
      "linkedAccountId": 757694,
      "productName": "Lemon Spaarrekening",
      "productType": 1000,
      "savingsTargetReached": 1,
      "targetAmountInCents": 23000
    }
  ],
  "failedAccountTypes": "CREDITCARDS"
}